<?xml version="1.0" encoding="utf-8"?>
<NoiserSettings Data="Project CloudsLayer1 512x512">
  <Item Data="Modules">
    <Item Data="Voronoi">
	  <Item Data="EnableDistance=true"/>
      <Item Data="Displacement=0.2"/>
      <Item Data="Frequency=8.0"/>
      <Item Data="Seed=0"/>
    </Item>
    <Item Data="ScalePoint">
      <Item Data="SourceModule=0 Voronoi"/>
      <Item Data="ScaleX=1.0"/>
      <Item Data="ScaleY=1.0"/>
      <Item Data="ScaleZ=3.0"/>
    </Item>
    <Item Data="Turbulence">
      <Item Data="SourceModule=1 ScalePoint"/>
      <Item Data="Frequency=8.0"/>
      <Item Data="Power=0.03125"/>
      <Item Data="Roughness=1"/>
      <Item Data="Seed=1"/>
    </Item>
  </Item>
  <Item Data="Renderer">
    <Item Data="LightAzimuth=45.0"/>
    <Item Data="LightBrightness=1.0"/>
    <Item Data="LightColor=rgba(255,255,255,0)"/>
    <Item Data="LightContrast=1.0"/>
    <Item Data="LightElev=45.0"/>
    <Item Data="LightIntensity=1.0"/>
    <Item Data="PlanarTexture">
      <Item Data="EnableSeamless=false"/>
      <Item Data="LowerXBound=-1.0"/>
      <Item Data="UpperXBound=1.0"/>
      <Item Data="LowerZBound=-1.0"/>
      <Item Data="UpperZBound=1.0"/>
    </Item>
    <Item Data="SphericalTexture">
      <Item Data="SouthLatBound=-90.0"/>
      <Item Data="NorthLatBound=90.0"/>
      <Item Data="WestLonBound=-180.0"/>
      <Item Data="EastLonBound=180.0"/>
    </Item>
    <Item Data="CylindricalTexture">
      <Item Data="LowerAngleBound=-180.0"/>
      <Item Data="UpperAngleBound=180.0"/>
      <Item Data="LowerHeightBound=-10.0"/>
      <Item Data="UpperHeightBound=10.0"/>
    </Item>
  </Item>
  <ColorItem Color="-1.0=rgba(48,64,192,255)"/>
  <ColorItem Color="0.5=rgba(96,192,255,255)"/>
  <ColorItem Color="1.0=rgba(255,255,255,255)"/>
</NoiserSettings>
