<?xml version="1.0" encoding="utf-8"?>
<NoiserSettings Data="Project Granite 512x512">
  <Item Data="Modules">
    <Item Data="Billow">
      <Item Data="Frequency=8.0"/>
      <Item Data="Lacunarity=2.18359375"/>
      <Item Data="OctaveCount=6"/>
      <Item Data="Persistence=0.625"/>
      <Item Data="Quality=QUALITY_BEST"/>
      <Item Data="Seed=0"/>
    </Item>
    <Item Data="Voronoi">
	  <Item Data="EnableDistance=true"/>
      <Item Data="Displacement=1.0"/>
      <Item Data="Frequency=16.0"/>
      <Item Data="Seed=1"/>
    </Item>
    <Item Data="ScaleBias">
      <Item Data="SourceModule=1 Voronoi"/>
      <Item Data="Bias=0.0"/>
      <Item Data="Scale=-0.5"/>
    </Item>
    <Item Data="Add">
      <Item Data="SourceModule=0 Billow"/>
      <Item Data="SourceModule=2 ScaleBias"/>
    </Item>
    <Item Data="Turbulence">
      <Item Data="SourceModule=3 Add"/>
      <Item Data="Frequency=4.0"/>
      <Item Data="Power=0.125"/>
      <Item Data="Roughness=6"/>
      <Item Data="Seed=2"/>
    </Item>
  </Item>
  <Item Data="Renderer">
    <Item Data="LightAzimuth=45.0"/>
    <Item Data="LightBrightness=1.0"/>
    <Item Data="LightColor=rgba(255,255,255,0)"/>
    <Item Data="LightContrast=1.0"/>
    <Item Data="LightElev=45.0"/>
    <Item Data="LightIntensity=1.0"/>
    <Item Data="PlanarTexture">
      <Item Data="EnableSeamless=false"/>
      <Item Data="LowerXBound=-1.0"/>
      <Item Data="UpperXBound=1.0"/>
      <Item Data="LowerZBound=-1.0"/>
      <Item Data="UpperZBound=1.0"/>
    </Item>
    <Item Data="SphericalTexture">
      <Item Data="SouthLatBound=-90.0"/>
      <Item Data="NorthLatBound=90.0"/>
      <Item Data="WestLonBound=-180.0"/>
      <Item Data="EastLonBound=180.0"/>
    </Item>
    <Item Data="CylindricalTexture">
      <Item Data="LowerAngleBound=-180.0"/>
      <Item Data="UpperAngleBound=180.0"/>
      <Item Data="LowerHeightBound=-10.0"/>
      <Item Data="UpperHeightBound=10.0"/>
    </Item>
  </Item>
  <ColorItem Color="-1.0=rgba(0,0,0,255)"/>
  <ColorItem Color="-0.9375=rgba(0,0,0,255)"/>
  <ColorItem Color="-0.8750=rgba(216,216,242,255)"/>
  <ColorItem Color="0.0=rgba(191,191,191,255)"/>
  <ColorItem Color="0.5=rgba(210,116,125,255)"/>
  <ColorItem Color="0.75=rgba(210,113,98,255)"/>
  <ColorItem Color="1.0=rgba(255,176,192,255)"/>
</NoiserSettings>
