<?xml version="1.0" encoding="utf-8"?>
<NoiserSettings Data="Project Wood 512x512">
  <Item Data="Modules">
    <Item Data="Cylinders">
      <Item Data="Frequency=16.0"/>
    </Item>
    <Item Data="Perlin">
      <Item Data="Frequency=48.0"/>
      <Item Data="Lacunarity=2.20703125"/>
      <Item Data="OctaveCount=3"/>
      <Item Data="Persistence=0.5"/>
      <Item Data="Quality=QUALITY_BEST"/>
      <Item Data="Seed=0"/>
    </Item>
    <Item Data="ScalePoint">
      <Item Data="SourceModule=1 Perlin"/>
      <Item Data="ScaleX=1.0"/>
      <Item Data="ScaleY=0.25"/>
      <Item Data="ScaleZ=1.0"/>
    </Item>
    <Item Data="ScaleBias">
      <Item Data="SourceModule=2 ScalePoint"/>
      <Item Data="Bias=0.125"/>
      <Item Data="Scale=0.25"/>
    </Item>
    <Item Data="Add">
      <Item Data="SourceModule=0 Cylinders"/>
      <Item Data="SourceModule=3 ScaleBias"/>
    </Item>
    <Item Data="Turbulence">
      <Item Data="SourceModule=4 Add"/>
      <Item Data="Frequency=4.0"/>
      <Item Data="Power=0.00390625"/>
      <Item Data="Roughness=4"/>
      <Item Data="Seed=1"/>
    </Item>
    <Item Data="TranslatePoint">
      <Item Data="SourceModule=5 Turbulence"/>
      <Item Data="TranslateX=0.0"/>
      <Item Data="TranslateY=0.0"/>
      <Item Data="TranslateZ=1.48"/>
    </Item>
    <Item Data="RotatePoint">
      <Item Data="SourceModule=6 TranslatePoint"/>
      <Item Data="RotateX=84.0"/>
      <Item Data="RotateY=0.0"/>
      <Item Data="RotateZ=0.0"/>
    </Item>
    <Item Data="Turbulence">
      <Item Data="SourceModule=7 RotatePoint"/>
      <Item Data="Frequency=2.0"/>
      <Item Data="Power=0.015625"/>
      <Item Data="Roughness=4"/>
      <Item Data="Seed=2"/>
    </Item>
  </Item>
  <Item Data="Renderer">
    <Item Data="LightAzimuth=45.0"/>
    <Item Data="LightBrightness=1.0"/>
    <Item Data="LightColor=rgba(255,255,255,0)"/>
    <Item Data="LightContrast=1.0"/>
    <Item Data="LightElev=45.0"/>
    <Item Data="LightIntensity=1.0"/>
    <Item Data="PlanarTexture">
      <Item Data="EnableSeamless=false"/>
      <Item Data="LowerXBound=-1.0"/>
      <Item Data="UpperXBound=1.0"/>
      <Item Data="LowerZBound=-1.0"/>
      <Item Data="UpperZBound=1.0"/>
    </Item>
    <Item Data="SphericalTexture">
      <Item Data="SouthLatBound=-90.0"/>
      <Item Data="NorthLatBound=90.0"/>
      <Item Data="WestLonBound=-180.0"/>
      <Item Data="EastLonBound=180.0"/>
    </Item>
    <Item Data="CylindricalTexture">
      <Item Data="LowerAngleBound=-180.0"/>
      <Item Data="UpperAngleBound=180.0"/>
      <Item Data="LowerHeightBound=-10.0"/>
      <Item Data="UpperHeightBound=10.0"/>
    </Item>
  </Item>
  <ColorItem Color="-1.0=rgba(189,94,4,255)"/>
  <ColorItem Color="0.5=rgba(144,48,6,255)"/>
  <ColorItem Color="1.0=rgba(90,40,28,255)"/>
</NoiserSettings>
