<?xml version="1.0" encoding="utf-8"?>
<NoiserSettings Data="Project Terrain 512x512">
  <Item Data="Modules">
    <Item Data="Perlin">
      <Item Data="Frequency=1.0"/>
      <Item Data="Lacunarity=2.0"/>
      <Item Data="OctaveCount=6"/>
      <Item Data="Persistence=0.5"/>
      <Item Data="Quality=QUALITY_BEST"/>
      <Item Data="Seed=0"/>
    </Item>
  </Item>
  <Item Data="Renderer">
    <Item Data="LightAzimuth=45.0"/>
    <Item Data="LightBrightness=2.0"/>
    <Item Data="LightColor=rgba(255,255,255,0)"/>
    <Item Data="LightContrast=3.0"/>
    <Item Data="LightElev=45.0"/>
    <Item Data="LightIntensity=1.0"/>
    <Item Data="PlanarTexture">
      <Item Data="EnableSeamless=false"/>
      <Item Data="LowerXBound=2.0"/>
      <Item Data="UpperXBound=6.0"/>
      <Item Data="LowerZBound=1.0"/>
      <Item Data="UpperZBound=5.0"/>
    </Item>
    <Item Data="SphericalTexture">
      <Item Data="SouthLatBound=-90.0"/>
      <Item Data="NorthLatBound=90.0"/>
      <Item Data="WestLonBound=-180.0"/>
      <Item Data="EastLonBound=180.0"/>
    </Item>
    <Item Data="CylindricalTexture">
      <Item Data="LowerAngleBound=-180.0"/>
      <Item Data="UpperAngleBound=180.0"/>
      <Item Data="LowerHeightBound=-10.0"/>
      <Item Data="UpperHeightBound=10.0"/>
    </Item>
  </Item>
  <ColorItem Color="-1.0=rgba(0,0,128,255)"/>
  <ColorItem Color="-0.25=rgba(0,0,255,255)"/>
  <ColorItem Color="0.0=rgba(0,128,255,255)"/>
  <ColorItem Color="0.0625=rgba(240,240,64,255)"/>
  <ColorItem Color="0.1250=rgba(32,160,0,255)"/>
  <ColorItem Color="0.3750=rgba(224,224,0,255)"/>
  <ColorItem Color="0.7500=rgba(128,128,128,255)"/>
  <ColorItem Color="1.0=rgba(255,255,255,255)"/>
</NoiserSettings>
