<?xml version="1.0" encoding="utf-8"?>
<NoiserSettings Data="Project CloudsLayer2 512x512">
  <Item Data="Modules">
    <Item Data="Billow">
      <Item Data="Frequency=2.0"/>
      <Item Data="Lacunarity=2.12109375"/>
      <Item Data="OctaveCount=4"/>
      <Item Data="Persistence=0.375"/>
      <Item Data="Quality=QUALITY_BEST"/>
      <Item Data="Seed=2"/>
    </Item>
    <Item Data="Turbulence">
      <Item Data="SourceModule=0 Billow"/>
      <Item Data="Frequency=16.0"/>
      <Item Data="Power=0.015625"/>
      <Item Data="Roughness=2"/>
      <Item Data="Seed=3"/>
    </Item>
  </Item>
  <Item Data="Renderer">
    <Item Data="LightAzimuth=45.0"/>
    <Item Data="LightBrightness=1.0"/>
    <Item Data="LightColor=rgba(255,255,255,0)"/>
    <Item Data="LightContrast=1.0"/>
    <Item Data="LightElev=45.0"/>
    <Item Data="LightIntensity=1.0"/>
    <Item Data="PlanarTexture">
      <Item Data="EnableSeamless=false"/>
      <Item Data="LowerXBound=-1.0"/>
      <Item Data="UpperXBound=1.0"/>
      <Item Data="LowerZBound=-1.0"/>
      <Item Data="UpperZBound=1.0"/>
    </Item>
    <Item Data="SphericalTexture">
      <Item Data="SouthLatBound=-90.0"/>
      <Item Data="NorthLatBound=90.0"/>
      <Item Data="WestLonBound=-180.0"/>
      <Item Data="EastLonBound=180.0"/>
    </Item>
    <Item Data="CylindricalTexture">
      <Item Data="LowerAngleBound=-180.0"/>
      <Item Data="UpperAngleBound=180.0"/>
      <Item Data="LowerHeightBound=-10.0"/>
      <Item Data="UpperHeightBound=10.0"/>
    </Item>
  </Item>
  <ColorItem Color="-1.0=rgba(255,255,255,0)"/>
  <ColorItem Color="-0.5=rgba(255,255,255,0)"/>
  <ColorItem Color="1.0=rgba(0,0,0,255)"/>
</NoiserSettings>
