<?xml version="1.0" encoding="utf-8"?>
<NoiserSettings Data="Project Jade 512x512">
  <Item Data="Modules">
    <Item Data="RidgedMulti">
      <Item Data="Frequency=2.0"/>
      <Item Data="Lacunarity=2.20703125"/>
      <Item Data="OctaveCount=6"/>
      <Item Data="Quality=QUALITY_BEST"/>
      <Item Data="Seed=0"/>
    </Item>
    <Item Data="Cylinders">
      <Item Data="Frequency=2.0"/>
    </Item>
    <Item Data="RotatePoint">
      <Item Data="SourceModule=1 Cylinders"/>
      <Item Data="RotateX=90.0"/>
      <Item Data="RotateY=25.0"/>
      <Item Data="RotateZ=5.0"/>
    </Item>
    <Item Data="Turbulence">
      <Item Data="SourceModule=2 RotatePoint"/>
      <Item Data="Frequency=4.0"/>
      <Item Data="Power=0.25"/>
      <Item Data="Roughness=4"/>
      <Item Data="Seed=1"/>
    </Item>
    <Item Data="ScaleBias">
      <Item Data="SourceModule=3 Turbulence"/>
      <Item Data="Bias=0.0"/>
      <Item Data="Scale=0.25"/>
    </Item>
    <Item Data="Add">
      <Item Data="SourceModule=0 RidgedMulti"/>
      <Item Data="SourceModule=4 ScaleBias"/>
    </Item>
    <Item Data="Turbulence">
      <Item Data="SourceModule=5 Add"/>
      <Item Data="Frequency=4.0"/>
      <Item Data="Power=0.0625"/>
      <Item Data="Roughness=2"/>
      <Item Data="Seed=2"/>
    </Item>
  </Item>
  <Item Data="Renderer">
    <Item Data="LightAzimuth=45.0"/>
    <Item Data="LightBrightness=1.0"/>
    <Item Data="LightColor=rgba(255,255,255,0)"/>
    <Item Data="LightContrast=1.0"/>
    <Item Data="LightElev=45.0"/>
    <Item Data="LightIntensity=1.0"/>
    <Item Data="PlanarTexture">
      <Item Data="EnableSeamless=false"/>
      <Item Data="LowerXBound=-1.0"/>
      <Item Data="UpperXBound=1.0"/>
      <Item Data="LowerZBound=-1.0"/>
      <Item Data="UpperZBound=1.0"/>
    </Item>
    <Item Data="SphericalTexture">
      <Item Data="SouthLatBound=-90.0"/>
      <Item Data="NorthLatBound=90.0"/>
      <Item Data="WestLonBound=-180.0"/>
      <Item Data="EastLonBound=180.0"/>
    </Item>
    <Item Data="CylindricalTexture">
      <Item Data="LowerAngleBound=-180.0"/>
      <Item Data="UpperAngleBound=180.0"/>
      <Item Data="LowerHeightBound=-10.0"/>
      <Item Data="UpperHeightBound=10.0"/>
    </Item>
  </Item>
  <ColorItem Color="-1.0=rgba(24,146,102,255)"/>
  <ColorItem Color="0.0=rgba(78,154,115,255)"/>
  <ColorItem Color="0.25=rgba(128,204,165,255)"/>
  <ColorItem Color="0.375=rgba(78,154,115,255)"/>
  <ColorItem Color="1.0=rgba(29,135,102,255)"/>
</NoiserSettings>
